game_time,home_id,away_id,net_rk_home,team_home,net_rk_away,team_away,home_pts_est,away_pts_est,poss_est,est_diff,quality,competitiveness,home_pts_clean,away_pts_clean,final_score_proj
07:00 EST,277,2641,16,West Virginia,76,Texas Tech,70.86898089410568,61.847189978230254,72.0168115942029,9.021790915875421,87.69017980636238,63.912836336498316,71,62,71-62
07:00 EST,130,158,55,Michigan,42,Nebraska,64.62830216213423,62.99512608843987,68.00189723320157,1.633176073694365,86.99861687413555,93.46729570522254,65,63,65-63
08:30 EST,164,120,178,Rutgers,49,Maryland,72.6140435358626,77.54107128061798,77.29833333333333,4.927027744755378,69.0179806362379,80.29188902097849,73,78,73-78
07:00 EST,2752,156,342,Xavier,30,Creighton,54.10873676579602,68.01062701738134,65.37714285714289,13.901890251585321,48.962655601659755,44.392438993658715,54,68,54-68
06:00 EST,2031,2630,236,Little Rock,207,Tennessee Martin,58.37727607869759,57.1869513397103,65.08771428571428,1.190324738987293,39.14246196403873,95.23870104405083,58,57,58-57
