game_time,home_id,away_id,net_rk_home,team_home,net_rk_away,team_away,home_pts_est,away_pts_est,poss_est,est_diff,quality,competitiveness,home_pts_clean,away_pts_clean,final_score_proj
09:00 EDT,265,2649,36,Washington St.,42,Toledo,64.50004152488268,61.596865775801525,67.15985294117645,2.90317574908115,89.6265560165975,88.3872970036754,65,62,65-62
06:00 EDT,213,344,35,Penn St.,44,Mississippi St.,78.13291163320041,74.74461257651849,77.83960784313724,3.388299056681916,89.48824343015214,86.44680377327234,78,75,78-75
07:00 EDT,222,2603,53,Villanova,39,Saint Joseph's,56.26492823290729,54.80381228242153,59.23765151515151,1.4611159504857554,87.69017980636238,94.15553619805698,56,55,56-55
07:30 EDT,202,356,104,Tulsa,67,Illinois,70.99833475337482,69.72426900782673,73.39445920303605,0.2740657455480857,76.76348547717842,98.90373701780766,71,70,71-70
07:00 EDT,2509,2184,126,Purdue,112,Duquesne,68.74613039268998,66.44440360183398,70.87640151515153,2.3017267908559944,67.49654218533887,90.79309283657602,69,66,69-66
08:00 EDT,275,2287,210,Wisconsin,107,Illinois St.,65.2326593748784,66.59221026610992,72.07941666666666,0.8595508912315211,56.569847856154915,96.56179643507392,65,67,65-67
