game_time,home_id,away_id,net_rk_home,team_home,net_rk_away,team_away,home_pts_est,away_pts_est,poss_est,est_diff,quality,competitiveness,home_pts_clean,away_pts_clean,final_score_proj
07:30 EST,2628,277,44,TCU,16,West Virginia,65.71507511599366,66.97547748193726,70.63027667984191,0.7604023659436052,92.11618257261411,96.95839053622558,66,67,66-67
11:00 EST,46,222,104,Georgetown,49,Villanova,54.35502483083432,55.35733481256432,60.148985507246394,1.0023099817300007,79.25311203319502,95.99076007308,54,55,54-55
07:00 EST,2599,2550,94,St. John's,71,Seton Hall,56.1037514991936,54.908533340605445,60.00239999999998,0.6952181585881547,77.59336099585062,97.21912736564738,56,55,56-55
08:00 EST,305,269,128,DePaul,43,Marquette,67.97747322961897,70.90889471848537,73.0451282051282,2.9314214888664054,76.76348547717842,88.27431404453438,68,71,68-71
06:00 EST,2116,252,95,UCF,101,BYU,66.94338028466441,63.89397279012876,69.86339047619047,3.0494074945356573,73.30567081604426,87.80237002185737,67,64,67-64
07:00 EST,164,135,209,Rutgers,42,Minnesota,64.18637720836684,70.0281584961206,71.9942474916388,5.841781287753761,65.69847856154911,76.63287484898495,64,70,64-70
07:00 EST,58,2724,102,South Florida,248,Wichita St.,67.99922679984134,59.35202848745854,69.66533333333332,8.647198312382798,52.005532503457815,65.4112067504688,68,59,68-59
06:30 EST,2635,2634,195,Tennessee Tech,297,Tennessee St.,71.7862625093975,64.58086655272827,73.80819047619049,7.205395956669236,32.365145228215766,71.17841617332306,72,65,72-65
