game_time,home_id,away_id,net_rk_home,team_home,net_rk_away,team_away,home_pts_est,away_pts_est,poss_est,est_diff,quality,competitiveness,home_pts_clean,away_pts_clean,final_score_proj
08:00 EDT,233,2464,145,South Dakota,114,Northern Arizona,70.08265684646327,68.59426122665239,71.76394916911046,1.4883956198108734,64.59197786998618,94.0464175207565,70,69,70-69
08:00 EDT,135,279,91,Minnesota,169,Pacific,72.13779151286973,66.08815643285486,74.27717741935483,6.049635080014866,64.4536652835408,75.80145967994054,72,66,72-66
