game_time,home_id,away_id,net_rk_home,team_home,net_rk_away,team_away,home_pts_est,away_pts_est,poss_est,est_diff,quality,competitiveness,home_pts_clean,away_pts_clean,final_score_proj
01:00 EDT,26,99,8,UCLA,5,LSU,75.59779560825821,73.6608572974063,77.99151515151515,1.9369383108519145,98.61687413554634,92.25224675659234,76,74,76-74
08:00 EDT,41,150,2,Connecticut,18,Duke,68.4831013202232,60.72735321283173,69.68370562770563,7.755748107391469,97.64868603042876,68.97700757043413,68,61,68-61
03:30 EDT,2294,38,4,Iowa,22,Colorado,80.33026580152801,72.66913833495832,77.50091774891776,7.661127466569695,96.81881051175657,69.35549013372122,80,73,80-73
05:30 EDT,30,239,13,USC,20,Baylor,69.80206305402461,66.26177335211706,73.1551515151515,3.540289701907554,95.850622406639,85.83884119236978,70,66,70-66
