game_time,home_id,away_id,net_rk_home,team_home,net_rk_away,team_away,home_pts_est,away_pts_est,poss_est,est_diff,quality,competitiveness,home_pts_clean,away_pts_clean,final_score_proj
10:00 EDT,251,2250,3,Texas,7,Gonzaga,70.13563963215988,65.8691118883321,68.40292063492065,4.26652774382778,99.03181189488244,82.93388902468888,70,66,70-66
05:00 EDT,2579,84,1,South Carolina,11,Indiana,76.16329069463976,65.83431004617107,74.13798861480076,10.328980648468686,98.7551867219917,58.684077406125255,76,66,76-66
07:30 EDT,24,152,6,Stanford,18,North Carolina St.,69.07792984254708,63.381281274655336,69.80000000000003,5.696648567891742,97.0954356846473,77.21340572843303,69,63,69-63
02:30 EDT,87,204,9,Notre Dame,21,Oregon St.,69.11424944606568,64.07758987253266,71.73689839572195,5.036659573533029,96.2655601659751,79.85336170586788,69,64,69-64
08:00 EDT,135,2449,88,Minnesota,97,North Dakota St.,68.9042688383559,65.8303635732681,70.87056451612905,3.0739052650878023,74.8271092669433,87.70437893964879,69,66,69-66
07:00 EDT,2448,2653,116,North Carolina A&T,101,Troy,73.90224790354257,71.55360496478757,77.74967741935485,2.348642938755006,70.40110650069157,90.60542824497998,74,72,74-72
06:00 EDT,261,2142,84,Vermont,136,Colgate,53.66775595409828,49.76480200663155,54.91162878787878,3.9029539474667345,69.98616874135547,84.38818421013306,54,50,54-50
08:30 EDT,2751,233,110,Wyoming,140,South Dakota,61.308023109540144,57.876107189443246,62.98791666666666,3.4319159200968983,65.83679114799446,86.2723363196124,61,58,61-58
07:00 EDT,2870,139,107,Fort Wayne,165,Saint Louis,71.49538830656884,66.62039130024992,72.42270944741533,4.874997006318921,62.79391424619641,80.50001197472432,71,67,71-67
