game_time,home_id,away_id,net_rk_home,team_home,net_rk_away,team_away,home_pts_est,away_pts_est,poss_est,est_diff,quality,competitiveness,home_pts_clean,away_pts_clean,final_score_proj
08:00 EST,269,2550,37,Marquette,76,Seton Hall,64.07560711375478,59.17866934667183,66.80824615384616,4.896937767082953,84.78561549100968,80.41224893166819,64,59,64-59
06:00 EST,2132,201,132,Cincinnati,42,Oklahoma,68.78033615385922,71.53226134755914,76.55886666666667,2.7519251936999183,76.34854771784232,88.99229922520033,69,72,69-72
07:00 EST,46,2599,117,Georgetown,99,St. John's,53.74470863821041,52.295816065397666,58.36273504273505,1.4488925728127455,70.53941908713693,94.20442970874902,54,52,54-52
07:00 EST,135,275,46,Minnesota,176,Wisconsin,69.47433473823594,59.32940021859128,72.27113333333334,10.144934519644657,69.70954356846474,59.42026192142137,69,59,69-59
08:00 EST,235,242,156,Memphis,96,Rice,71.08499851948655,69.96707368793741,76.58200000000001,0.11792483154913214,65.56016597510373,99.52830067380347,71,70,71-70
09:00 EST,158,77,43,Nebraska,297,Northwestern,77.13143982190334,62.33026906004289,72.14203076923077,14.801170761860455,53.38865836791148,40.79531695255818,77,62,77-62
05:00 EST,2413,88,229,Morehead St.,148,Southern Indiana,66.43601143818562,67.48033785183041,72.3,0.0443264136447965,48.271092669432925,99.82269434542081,66,67,66-67
08:00 EST,2130,2198,361,Chicago St.,163,Eastern Kentucky,67.89406469543442,79.26961453727655,79.58998260869565,11.37554984184213,27.93914246196404,54.49780063263148,68,79,68-79
