game_time,home_id,away_id,net_rk_home,team_home,net_rk_away,team_away,home_pts_est,away_pts_est,poss_est,est_diff,quality,competitiveness,home_pts_clean,away_pts_clean,final_score_proj
09:00 EST,30,12,19,USC,71,Arizona,69.71556284003704,62.15095082824541,70.65937888198756,7.564612011791624,87.96680497925311,69.7415519528335,70,62,70-62
07:00 EST,2633,8,57,Tennessee,68,Arkansas,76.45592275050222,72.74160545279992,78.71694545454547,3.7143172977023085,83.12586445366529,85.14273080919077,76,73,76-73
06:30 EST,2029,2296,196,Arkansas Pine Bluff,112,Jackson St.,72.71224257801244,74.13565759566299,77.70444444444446,0.4234150176505551,57.81466113416321,98.30633992939778,73,74,73-74
06:30 EST,2755,2010,248,Grambling St.,281,Alabama A&M,74.96625174117368,70.42093763407769,80.03079365079365,4.54531410709599,27.24757952973721,81.81874357161604,75,70,75-70
05:30 EST,2065,2640,242,Bethune Cookman,350,Texas Southern,74.8400591838137,64.27363775910464,77.64200000000001,10.566421424709048,18.53388658367912,57.734314301163806,75,64,75-64
04:00 EST,2582,2011,269,Southern,362,Alabama St.,70.51376540888822,57.603021504775214,73.7798095238095,12.910743904113005,13.13969571230983,48.35702438354798,71,58,71-58
05:30 EST,50,2504,334,Florida A&M,353,Prairie View A&M,72.4181398523965,66.63972437606192,75.64022408963588,5.7784154763345725,5.394190871369304,76.88633809466171,72,67,72-67
06:30 EST,2400,2016,355,Mississippi Valley St.,345,Alcorn St.,67.49334647432286,66.48311449115218,76.89860869565219,1.0102319831706836,3.596127247579531,95.95907206731727,67,66,67-66
