game_time,home_id,away_id,net_rk_home,team_home,net_rk_away,team_away,home_pts_est,away_pts_est,poss_est,est_diff,quality,competitiveness,home_pts_clean,away_pts_clean,final_score_proj
03:00 EDT,251,152,3,Texas,15,North Carolina St.,71.29218949976794,63.72663342519667,72.0142042042042,7.565556074571276,97.9253112033195,69.7377757017149,71,64,71-64
01:00 EDT,2579,204,1,South Carolina,21,Oregon St.,72.83404006851376,62.02284249151219,71.26289075630253,10.811197577001565,97.37206085753803,56.75520969199374,73,62,73-62
