game_time,home_id,away_id,net_rk_home,team_home,net_rk_away,team_away,home_pts_est,away_pts_est,poss_est,est_diff,quality,competitiveness,home_pts_clean,away_pts_clean,final_score_proj
02:00 EDT,2181,2623,54,Drake,101,Missouri St.,73.41880407367084,67.12766190079117,74.8071163245357,6.291142172879674,78.97648686030429,74.8354313084813,73,67,73-67
02:00 EDT,2619,2182,29,Stony Brook,127,Drexel,64.44499673540096,56.106457298395696,65.23359139784948,8.338539437005267,78.83817427385893,66.64584225197893,64,56,64-56
12:00 EDT,107,104,125,Holy Cross,198,Boston University,60.1526897978929,55.55839213947483,61.719999999999985,4.594297658418064,55.73997233748271,81.62280936632774,60,56,60-56
12:00 EDT,2529,2330,129,Sacred Heart,222,Le Moyne,61.47262779929464,55.87420230394218,63.10563440860217,5.5984254953524655,51.86721991701245,77.60629801859014,61,56,61-56
