game_time,home_id,away_id,net_rk_home,team_home,net_rk_away,team_away,home_pts_est,away_pts_est,poss_est,est_diff,quality,competitiveness,home_pts_clean,away_pts_clean,final_score_proj
07:00 EDT,2294,99,4,Iowa,5,LSU,84.72473754276132,80.69101190958155,82.91333333333334,4.03372563317977,99.1701244813278,83.86509746728092,85,81,85-81
09:00 EDT,30,41,13,USC,2,Connecticut,66.59451471927333,68.38960589622985,70.98581699346404,1.795091176956518,98.34024896265561,92.81963529217393,67,68,67-68
02:30 EDT,222,213,53,Villanova,35,Penn St.,69.92176729567235,68.23361678457341,71.41778966131908,1.6881505110989394,88.24343015214384,93.24739795560424,70,68,70-68
05:00 EDT,265,356,37,Washington St.,65,Illinois,66.81556764818428,62.57953614922524,67.59678571428573,4.2360314989590435,86.30705394190872,83.05587400416383,67,63,67-63
08:30 EDT,2751,135,103,Wyoming,88,Minnesota,61.52316581111016,59.5561192549998,64.37216031280549,1.9670465561103612,73.9972337482711,92.13181377555856,62,60,62-60
07:00 EDT,2509,261,119,Purdue,83,Vermont,58.41462759229814,57.00439286661272,61.21882352941175,0.9102347256854202,72.47579529737206,96.35906109725832,58,57,58-57
07:00 EDT,2653,2433,97,Troy,130,Louisiana Monroe,82.93771122356432,78.0597919604755,82.56000000000002,4.8779192630888275,69.0179806362379,80.48832294764469,83,78,83-78
08:00 EDT,275,139,201,Wisconsin,159,Saint Louis,68.27032774144813,66.72438148502748,72.58591705069124,1.545946256420649,50.622406639004154,93.8162149743174,68,67,68-67
